participantID,task,duration_s,n_channels,bad_channels,file_path
10,1,45.0,126,,C:\Users\HP\Documents\GitHub\Neurociencias-2026-1\S06_proyecto\datasetp\DESTINATION\eeg_preprocesado\Sujeto_10\Tarea_1\10_1_3.fif
10,10,85.0,128,,C:\Users\HP\Documents\GitHub\Neurociencias-2026-1\S06_proyecto\datasetp\DESTINATION\eeg_preprocesado\Sujeto_10\Tarea_10\10_10_1.fif
10,10,77.0,128,,C:\Users\HP\Documents\GitHub\Neurociencias-2026-1\S06_proyecto\datasetp\DESTINATION\eeg_preprocesado\Sujeto_10\Tarea_10\10_10_2.fif
10,11,199.0,128,,C:\Users\HP\Documents\GitHub\Neurociencias-2026-1\S06_proyecto\datasetp\DESTINATION\eeg_preprocesado\Sujeto_10\Tarea_11\10_11_1.fif
10,11,130.0,128,,C:\Users\HP\Documents\GitHub\Neurociencias-2026-1\S06_proyecto\datasetp\DESTINATION\eeg_preprocesado\Sujeto_10\Tarea_11\10_11_2.fif
10,12,54.0,128,,C:\Users\HP\Documents\GitHub\Neurociencias-2026-1\S06_proyecto\datasetp\DESTINATION\eeg_preprocesado\Sujeto_10\Tarea_12\10_12_1.fif
10,12,65.0,128,,C:\Users\HP\Documents\GitHub\Neurociencias-2026-1\S06_proyecto\datasetp\DESTINATION\eeg_preprocesado\Sujeto_10\Tarea_12\10_12_2.fif
10,13,129.0,128,,C:\Users\HP\Documents\GitHub\Neurociencias-2026-1\S06_proyecto\datasetp\DESTINATION\eeg_preprocesado\Sujeto_10\Tarea_13\10_13_1.fif
10,13,132.0,128,,C:\Users\HP\Documents\GitHub\Neurociencias-2026-1\S06_proyecto\datasetp\DESTINATION\eeg_preprocesado\Sujeto_10\Tarea_13\10_13_2.fif
10,14,157.0,128,,C:\Users\HP\Documents\GitHub\Neurociencias-2026-1\S06_proyecto\datasetp\DESTINATION\eeg_preprocesado\Sujeto_10\Tarea_14\10_14_1.fif
10,14,150.0,128,,C:\Users\HP\Documents\GitHub\Neurociencias-2026-1\S06_proyecto\datasetp\DESTINATION\eeg_preprocesado\Sujeto_10\Tarea_14\10_14_2.fif
10,15,149.0,126,,C:\Users\HP\Documents\GitHub\Neurociencias-2026-1\S06_proyecto\datasetp\DESTINATION\eeg_preprocesado\Sujeto_10\Tarea_15\10_15_1.fif
10,15,143.0,126,,C:\Users\HP\Documents\GitHub\Neurociencias-2026-1\S06_proyecto\datasetp\DESTINATION\eeg_preprocesado\Sujeto_10\Tarea_15\10_15_2.fif
10,16,122.0,126,,C:\Users\HP\Documents\GitHub\Neurociencias-2026-1\S06_proyecto\datasetp\DESTINATION\eeg_preprocesado\Sujeto_10\Tarea_16\10_16_1.fif
10,16,108.0,126,,C:\Users\HP\Documents\GitHub\Neurociencias-2026-1\S06_proyecto\datasetp\DESTINATION\eeg_preprocesado\Sujeto_10\Tarea_16\10_16_2.fif
10,17,381.0,126,,C:\Users\HP\Documents\GitHub\Neurociencias-2026-1\S06_proyecto\datasetp\DESTINATION\eeg_preprocesado\Sujeto_10\Tarea_17\10_17_1.fif
10,17,326.0,126,,C:\Users\HP\Documents\GitHub\Neurociencias-2026-1\S06_proyecto\datasetp\DESTINATION\eeg_preprocesado\Sujeto_10\Tarea_17\10_17_2.fif
10,18,271.0,126,,C:\Users\HP\Documents\GitHub\Neurociencias-2026-1\S06_proyecto\datasetp\DESTINATION\eeg_preprocesado\Sujeto_10\Tarea_18\10_18_1.fif
10,19,308.0,126,,C:\Users\HP\Documents\GitHub\Neurociencias-2026-1\S06_proyecto\datasetp\DESTINATION\eeg_preprocesado\Sujeto_10\Tarea_19\10_19_1.fif
10,2,55.0,126,,C:\Users\HP\Documents\GitHub\Neurociencias-2026-1\S06_proyecto\datasetp\DESTINATION\eeg_preprocesado\Sujeto_10\Tarea_2\10_2_3.fif
10,2,60.0,126,,C:\Users\HP\Documents\GitHub\Neurociencias-2026-1\S06_proyecto\datasetp\DESTINATION\eeg_preprocesado\Sujeto_10\Tarea_2\10_2_4.fif
10,20,190.0,126,,C:\Users\HP\Documents\GitHub\Neurociencias-2026-1\S06_proyecto\datasetp\DESTINATION\eeg_preprocesado\Sujeto_10\Tarea_20\10_20_2.fif
10,21,221.0,126,,C:\Users\HP\Documents\GitHub\Neurociencias-2026-1\S06_proyecto\datasetp\DESTINATION\eeg_preprocesado\Sujeto_10\Tarea_21\10_21_1.fif
10,21,150.0,126,,C:\Users\HP\Documents\GitHub\Neurociencias-2026-1\S06_proyecto\datasetp\DESTINATION\eeg_preprocesado\Sujeto_10\Tarea_21\10_21_2.fif
10,22,255.0,126,,C:\Users\HP\Documents\GitHub\Neurociencias-2026-1\S06_proyecto\datasetp\DESTINATION\eeg_preprocesado\Sujeto_10\Tarea_22\10_22_1.fif
10,22,273.0,126,,C:\Users\HP\Documents\GitHub\Neurociencias-2026-1\S06_proyecto\datasetp\DESTINATION\eeg_preprocesado\Sujeto_10\Tarea_22\10_22_2.fif
10,23,93.0,126,,C:\Users\HP\Documents\GitHub\Neurociencias-2026-1\S06_proyecto\datasetp\DESTINATION\eeg_preprocesado\Sujeto_10\Tarea_23\10_23_1.fif
10,23,81.0,126,,C:\Users\HP\Documents\GitHub\Neurociencias-2026-1\S06_proyecto\datasetp\DESTINATION\eeg_preprocesado\Sujeto_10\Tarea_23\10_23_2.fif
10,24,108.0,126,,C:\Users\HP\Documents\GitHub\Neurociencias-2026-1\S06_proyecto\datasetp\DESTINATION\eeg_preprocesado\Sujeto_10\Tarea_24\10_24_1.fif
10,24,63.0,126,,C:\Users\HP\Documents\GitHub\Neurociencias-2026-1\S06_proyecto\datasetp\DESTINATION\eeg_preprocesado\Sujeto_10\Tarea_24\10_24_2.fif
10,25,144.0,126,,C:\Users\HP\Documents\GitHub\Neurociencias-2026-1\S06_proyecto\datasetp\DESTINATION\eeg_preprocesado\Sujeto_10\Tarea_25\10_25_1.fif
10,25,175.0,126,,C:\Users\HP\Documents\GitHub\Neurociencias-2026-1\S06_proyecto\datasetp\DESTINATION\eeg_preprocesado\Sujeto_10\Tarea_25\10_25_2.fif
10,26,144.0,126,,C:\Users\HP\Documents\GitHub\Neurociencias-2026-1\S06_proyecto\datasetp\DESTINATION\eeg_preprocesado\Sujeto_10\Tarea_26\10_26_1.fif
10,26,156.0,126,,C:\Users\HP\Documents\GitHub\Neurociencias-2026-1\S06_proyecto\datasetp\DESTINATION\eeg_preprocesado\Sujeto_10\Tarea_26\10_26_2.fif
10,27,142.0,126,,C:\Users\HP\Documents\GitHub\Neurociencias-2026-1\S06_proyecto\datasetp\DESTINATION\eeg_preprocesado\Sujeto_10\Tarea_27\10_27_1.fif
10,27,112.0,126,,C:\Users\HP\Documents\GitHub\Neurociencias-2026-1\S06_proyecto\datasetp\DESTINATION\eeg_preprocesado\Sujeto_10\Tarea_27\10_27_2.fif
10,3,93.0,126,,C:\Users\HP\Documents\GitHub\Neurociencias-2026-1\S06_proyecto\datasetp\DESTINATION\eeg_preprocesado\Sujeto_10\Tarea_3\10_3_3.fif
10,3,86.0,126,,C:\Users\HP\Documents\GitHub\Neurociencias-2026-1\S06_proyecto\datasetp\DESTINATION\eeg_preprocesado\Sujeto_10\Tarea_3\10_3_4.fif
10,4,112.0,128,,C:\Users\HP\Documents\GitHub\Neurociencias-2026-1\S06_proyecto\datasetp\DESTINATION\eeg_preprocesado\Sujeto_10\Tarea_4\10_4_1.fif
10,4,119.0,128,,C:\Users\HP\Documents\GitHub\Neurociencias-2026-1\S06_proyecto\datasetp\DESTINATION\eeg_preprocesado\Sujeto_10\Tarea_4\10_4_2.fif
10,5,98.0,128,,C:\Users\HP\Documents\GitHub\Neurociencias-2026-1\S06_proyecto\datasetp\DESTINATION\eeg_preprocesado\Sujeto_10\Tarea_5\10_5_1.fif
10,5,91.0,128,,C:\Users\HP\Documents\GitHub\Neurociencias-2026-1\S06_proyecto\datasetp\DESTINATION\eeg_preprocesado\Sujeto_10\Tarea_5\10_5_2.fif
10,6,258.0,128,,C:\Users\HP\Documents\GitHub\Neurociencias-2026-1\S06_proyecto\datasetp\DESTINATION\eeg_preprocesado\Sujeto_10\Tarea_6\10_6_1.fif
10,6,232.0,128,,C:\Users\HP\Documents\GitHub\Neurociencias-2026-1\S06_proyecto\datasetp\DESTINATION\eeg_preprocesado\Sujeto_10\Tarea_6\10_6_2.fif
10,7,57.0,128,,C:\Users\HP\Documents\GitHub\Neurociencias-2026-1\S06_proyecto\datasetp\DESTINATION\eeg_preprocesado\Sujeto_10\Tarea_7\10_7_1.fif
10,7,50.0,128,,C:\Users\HP\Documents\GitHub\Neurociencias-2026-1\S06_proyecto\datasetp\DESTINATION\eeg_preprocesado\Sujeto_10\Tarea_7\10_7_2.fif
10,8,252.0,128,,C:\Users\HP\Documents\GitHub\Neurociencias-2026-1\S06_proyecto\datasetp\DESTINATION\eeg_preprocesado\Sujeto_10\Tarea_8\10_8_1.fif
10,8,298.0,128,,C:\Users\HP\Documents\GitHub\Neurociencias-2026-1\S06_proyecto\datasetp\DESTINATION\eeg_preprocesado\Sujeto_10\Tarea_8\10_8_2.fif
10,8,247.0,128,,C:\Users\HP\Documents\GitHub\Neurociencias-2026-1\S06_proyecto\datasetp\DESTINATION\eeg_preprocesado\Sujeto_10\Tarea_8\10_8_3.fif
10,9,61.0,128,,C:\Users\HP\Documents\GitHub\Neurociencias-2026-1\S06_proyecto\datasetp\DESTINATION\eeg_preprocesado\Sujeto_10\Tarea_9\10_9_1.fif
10,9,60.0,128,,C:\Users\HP\Documents\GitHub\Neurociencias-2026-1\S06_proyecto\datasetp\DESTINATION\eeg_preprocesado\Sujeto_10\Tarea_9\10_9_2.fif
11,1,43.0,128,,C:\Users\HP\Documents\GitHub\Neurociencias-2026-1\S06_proyecto\datasetp\DESTINATION\eeg_preprocesado\Sujeto_11\Tarea_1\11_1_1.fif
11,1,29.0,128,,C:\Users\HP\Documents\GitHub\Neurociencias-2026-1\S06_proyecto\datasetp\DESTINATION\eeg_preprocesado\Sujeto_11\Tarea_1\11_1_2.fif
11,10,81.0,128,,C:\Users\HP\Documents\GitHub\Neurociencias-2026-1\S06_proyecto\datasetp\DESTINATION\eeg_preprocesado\Sujeto_11\Tarea_10\11_10_1.fif
11,10,60.0,128,,C:\Users\HP\Documents\GitHub\Neurociencias-2026-1\S06_proyecto\datasetp\DESTINATION\eeg_preprocesado\Sujeto_11\Tarea_10\11_10_2.fif
11,11,102.0,128,,C:\Users\HP\Documents\GitHub\Neurociencias-2026-1\S06_proyecto\datasetp\DESTINATION\eeg_preprocesado\Sujeto_11\Tarea_11\11_11_1.fif
11,11,76.0,128,,C:\Users\HP\Documents\GitHub\Neurociencias-2026-1\S06_proyecto\datasetp\DESTINATION\eeg_preprocesado\Sujeto_11\Tarea_11\11_11_2.fif
11,12,48.0,128,,C:\Users\HP\Documents\GitHub\Neurociencias-2026-1\S06_proyecto\datasetp\DESTINATION\eeg_preprocesado\Sujeto_11\Tarea_12\11_12_1.fif
11,12,38.0,128,,C:\Users\HP\Documents\GitHub\Neurociencias-2026-1\S06_proyecto\datasetp\DESTINATION\eeg_preprocesado\Sujeto_11\Tarea_12\11_12_2.fif
11,13,114.0,128,,C:\Users\HP\Documents\GitHub\Neurociencias-2026-1\S06_proyecto\datasetp\DESTINATION\eeg_preprocesado\Sujeto_11\Tarea_13\11_13_1.fif
11,13,147.0,128,,C:\Users\HP\Documents\GitHub\Neurociencias-2026-1\S06_proyecto\datasetp\DESTINATION\eeg_preprocesado\Sujeto_11\Tarea_13\11_13_2.fif
11,14,110.0,128,,C:\Users\HP\Documents\GitHub\Neurociencias-2026-1\S06_proyecto\datasetp\DESTINATION\eeg_preprocesado\Sujeto_11\Tarea_14\11_14_1.fif
11,14,85.0,128,,C:\Users\HP\Documents\GitHub\Neurociencias-2026-1\S06_proyecto\datasetp\DESTINATION\eeg_preprocesado\Sujeto_11\Tarea_14\11_14_2.fif
11,15,78.0,128,,C:\Users\HP\Documents\GitHub\Neurociencias-2026-1\S06_proyecto\datasetp\DESTINATION\eeg_preprocesado\Sujeto_11\Tarea_15\11_15_1.fif
11,15,60.0,128,,C:\Users\HP\Documents\GitHub\Neurociencias-2026-1\S06_proyecto\datasetp\DESTINATION\eeg_preprocesado\Sujeto_11\Tarea_15\11_15_2.fif
11,16,88.0,128,,C:\Users\HP\Documents\GitHub\Neurociencias-2026-1\S06_proyecto\datasetp\DESTINATION\eeg_preprocesado\Sujeto_11\Tarea_16\11_16_1.fif
11,16,71.0,128,,C:\Users\HP\Documents\GitHub\Neurociencias-2026-1\S06_proyecto\datasetp\DESTINATION\eeg_preprocesado\Sujeto_11\Tarea_16\11_16_2.fif
11,17,233.0,126,,C:\Users\HP\Documents\GitHub\Neurociencias-2026-1\S06_proyecto\datasetp\DESTINATION\eeg_preprocesado\Sujeto_11\Tarea_17\11_17_1.fif
11,17,204.0,126,,C:\Users\HP\Documents\GitHub\Neurociencias-2026-1\S06_proyecto\datasetp\DESTINATION\eeg_preprocesado\Sujeto_11\Tarea_17\11_17_2.fif
11,18,193.0,126,,C:\Users\HP\Documents\GitHub\Neurociencias-2026-1\S06_proyecto\datasetp\DESTINATION\eeg_preprocesado\Sujeto_11\Tarea_18\11_18_1.fif
11,18,160.0,126,,C:\Users\HP\Documents\GitHub\Neurociencias-2026-1\S06_proyecto\datasetp\DESTINATION\eeg_preprocesado\Sujeto_11\Tarea_18\11_18_2.fif
11,19,270.0,126,,C:\Users\HP\Documents\GitHub\Neurociencias-2026-1\S06_proyecto\datasetp\DESTINATION\eeg_preprocesado\Sujeto_11\Tarea_19\11_19_1.fif
11,19,217.0,126,,C:\Users\HP\Documents\GitHub\Neurociencias-2026-1\S06_proyecto\datasetp\DESTINATION\eeg_preprocesado\Sujeto_11\Tarea_19\11_19_2.fif
11,2,65.0,128,,C:\Users\HP\Documents\GitHub\Neurociencias-2026-1\S06_proyecto\datasetp\DESTINATION\eeg_preprocesado\Sujeto_11\Tarea_2\11_2_1.fif
11,2,49.0,128,,C:\Users\HP\Documents\GitHub\Neurociencias-2026-1\S06_proyecto\datasetp\DESTINATION\eeg_preprocesado\Sujeto_11\Tarea_2\11_2_2.fif
11,20,149.0,126,,C:\Users\HP\Documents\GitHub\Neurociencias-2026-1\S06_proyecto\datasetp\DESTINATION\eeg_preprocesado\Sujeto_11\Tarea_20\11_20_1.fif
11,20,167.0,126,,C:\Users\HP\Documents\GitHub\Neurociencias-2026-1\S06_proyecto\datasetp\DESTINATION\eeg_preprocesado\Sujeto_11\Tarea_20\11_20_2.fif
11,21,169.0,126,,C:\Users\HP\Documents\GitHub\Neurociencias-2026-1\S06_proyecto\datasetp\DESTINATION\eeg_preprocesado\Sujeto_11\Tarea_21\11_21_1.fif
11,21,157.0,126,,C:\Users\HP\Documents\GitHub\Neurociencias-2026-1\S06_proyecto\datasetp\DESTINATION\eeg_preprocesado\Sujeto_11\Tarea_21\11_21_2.fif
11,22,229.0,126,,C:\Users\HP\Documents\GitHub\Neurociencias-2026-1\S06_proyecto\datasetp\DESTINATION\eeg_preprocesado\Sujeto_11\Tarea_22\11_22_1.fif
11,22,184.0,126,,C:\Users\HP\Documents\GitHub\Neurociencias-2026-1\S06_proyecto\datasetp\DESTINATION\eeg_preprocesado\Sujeto_11\Tarea_22\11_22_2.fif
11,23,84.0,126,,C:\Users\HP\Documents\GitHub\Neurociencias-2026-1\S06_proyecto\datasetp\DESTINATION\eeg_preprocesado\Sujeto_11\Tarea_23\11_23_1.fif
11,23,118.0,126,,C:\Users\HP\Documents\GitHub\Neurociencias-2026-1\S06_proyecto\datasetp\DESTINATION\eeg_preprocesado\Sujeto_11\Tarea_23\11_23_2.fif
11,24,55.0,126,,C:\Users\HP\Documents\GitHub\Neurociencias-2026-1\S06_proyecto\datasetp\DESTINATION\eeg_preprocesado\Sujeto_11\Tarea_24\11_24_1.fif
11,24,58.0,126,,C:\Users\HP\Documents\GitHub\Neurociencias-2026-1\S06_proyecto\datasetp\DESTINATION\eeg_preprocesado\Sujeto_11\Tarea_24\11_24_2.fif
11,25,78.0,126,,C:\Users\HP\Documents\GitHub\Neurociencias-2026-1\S06_proyecto\datasetp\DESTINATION\eeg_preprocesado\Sujeto_11\Tarea_25\11_25_1.fif
11,25,67.0,126,,C:\Users\HP\Documents\GitHub\Neurociencias-2026-1\S06_proyecto\datasetp\DESTINATION\eeg_preprocesado\Sujeto_11\Tarea_25\11_25_2.fif
11,26,97.0,126,,C:\Users\HP\Documents\GitHub\Neurociencias-2026-1\S06_proyecto\datasetp\DESTINATION\eeg_preprocesado\Sujeto_11\Tarea_26\11_26_1.fif
11,26,75.0,126,,C:\Users\HP\Documents\GitHub\Neurociencias-2026-1\S06_proyecto\datasetp\DESTINATION\eeg_preprocesado\Sujeto_11\Tarea_26\11_26_2.fif
11,27,81.0,126,,C:\Users\HP\Documents\GitHub\Neurociencias-2026-1\S06_proyecto\datasetp\DESTINATION\eeg_preprocesado\Sujeto_11\Tarea_27\11_27_1.fif
11,27,66.0,126,,C:\Users\HP\Documents\GitHub\Neurociencias-2026-1\S06_proyecto\datasetp\DESTINATION\eeg_preprocesado\Sujeto_11\Tarea_27\11_27_2.fif
11,3,78.0,128,,C:\Users\HP\Documents\GitHub\Neurociencias-2026-1\S06_proyecto\datasetp\DESTINATION\eeg_preprocesado\Sujeto_11\Tarea_3\11_3_1.fif
11,3,79.0,128,,C:\Users\HP\Documents\GitHub\Neurociencias-2026-1\S06_proyecto\datasetp\DESTINATION\eeg_preprocesado\Sujeto_11\Tarea_3\11_3_2.fif
11,4,105.0,128,,C:\Users\HP\Documents\GitHub\Neurociencias-2026-1\S06_proyecto\datasetp\DESTINATION\eeg_preprocesado\Sujeto_11\Tarea_4\11_4_1.fif
11,4,75.0,128,,C:\Users\HP\Documents\GitHub\Neurociencias-2026-1\S06_proyecto\datasetp\DESTINATION\eeg_preprocesado\Sujeto_11\Tarea_4\11_4_2.fif
11,5,99.0,128,,C:\Users\HP\Documents\GitHub\Neurociencias-2026-1\S06_proyecto\datasetp\DESTINATION\eeg_preprocesado\Sujeto_11\Tarea_5\11_5_1.fif
11,5,72.0,128,,C:\Users\HP\Documents\GitHub\Neurociencias-2026-1\S06_proyecto\datasetp\DESTINATION\eeg_preprocesado\Sujeto_11\Tarea_5\11_5_2.fif
11,6,186.0,128,,C:\Users\HP\Documents\GitHub\Neurociencias-2026-1\S06_proyecto\datasetp\DESTINATION\eeg_preprocesado\Sujeto_11\Tarea_6\11_6_1.fif
11,6,146.0,128,,C:\Users\HP\Documents\GitHub\Neurociencias-2026-1\S06_proyecto\datasetp\DESTINATION\eeg_preprocesado\Sujeto_11\Tarea_6\11_6_2.fif
11,7,38.0,128,,C:\Users\HP\Documents\GitHub\Neurociencias-2026-1\S06_proyecto\datasetp\DESTINATION\eeg_preprocesado\Sujeto_11\Tarea_7\11_7_1.fif
11,7,24.0,128,,C:\Users\HP\Documents\GitHub\Neurociencias-2026-1\S06_proyecto\datasetp\DESTINATION\eeg_preprocesado\Sujeto_11\Tarea_7\11_7_2.fif
11,8,126.0,128,,C:\Users\HP\Documents\GitHub\Neurociencias-2026-1\S06_proyecto\datasetp\DESTINATION\eeg_preprocesado\Sujeto_11\Tarea_8\11_8_1.fif
11,8,115.0,128,,C:\Users\HP\Documents\GitHub\Neurociencias-2026-1\S06_proyecto\datasetp\DESTINATION\eeg_preprocesado\Sujeto_11\Tarea_8\11_8_2.fif
11,9,48.0,128,,C:\Users\HP\Documents\GitHub\Neurociencias-2026-1\S06_proyecto\datasetp\DESTINATION\eeg_preprocesado\Sujeto_11\Tarea_9\11_9_1.fif
11,9,24.0,128,,C:\Users\HP\Documents\GitHub\Neurociencias-2026-1\S06_proyecto\datasetp\DESTINATION\eeg_preprocesado\Sujeto_11\Tarea_9\11_9_2.fif
12,1,163.0,128,,C:\Users\HP\Documents\GitHub\Neurociencias-2026-1\S06_proyecto\datasetp\DESTINATION\eeg_preprocesado\Sujeto_12\Tarea_1\12_1_1.fif
12,1,46.0,128,,C:\Users\HP\Documents\GitHub\Neurociencias-2026-1\S06_proyecto\datasetp\DESTINATION\eeg_preprocesado\Sujeto_12\Tarea_1\12_1_2.fif
12,10,95.0,128,,C:\Users\HP\Documents\GitHub\Neurociencias-2026-1\S06_proyecto\datasetp\DESTINATION\eeg_preprocesado\Sujeto_12\Tarea_10\12_10_1.fif
12,10,84.0,128,,C:\Users\HP\Documents\GitHub\Neurociencias-2026-1\S06_proyecto\datasetp\DESTINATION\eeg_preprocesado\Sujeto_12\Tarea_10\12_10_2.fif
12,11,154.0,128,,C:\Users\HP\Documents\GitHub\Neurociencias-2026-1\S06_proyecto\datasetp\DESTINATION\eeg_preprocesado\Sujeto_12\Tarea_11\12_11_1.fif
12,11,186.0,128,,C:\Users\HP\Documents\GitHub\Neurociencias-2026-1\S06_proyecto\datasetp\DESTINATION\eeg_preprocesado\Sujeto_12\Tarea_11\12_11_2.fif
12,11,179.0,128,,C:\Users\HP\Documents\GitHub\Neurociencias-2026-1\S06_proyecto\datasetp\DESTINATION\eeg_preprocesado\Sujeto_12\Tarea_11\12_11_3.fif
12,11,175.0,128,,C:\Users\HP\Documents\GitHub\Neurociencias-2026-1\S06_proyecto\datasetp\DESTINATION\eeg_preprocesado\Sujeto_12\Tarea_11\12_11_4.fif
12,11,149.0,128,,C:\Users\HP\Documents\GitHub\Neurociencias-2026-1\S06_proyecto\datasetp\DESTINATION\eeg_preprocesado\Sujeto_12\Tarea_11\12_11_5.fif
12,12,93.0,128,,C:\Users\HP\Documents\GitHub\Neurociencias-2026-1\S06_proyecto\datasetp\DESTINATION\eeg_preprocesado\Sujeto_12\Tarea_12\12_12_1.fif
12,12,81.0,128,,C:\Users\HP\Documents\GitHub\Neurociencias-2026-1\S06_proyecto\datasetp\DESTINATION\eeg_preprocesado\Sujeto_12\Tarea_12\12_12_2.fif
12,13,150.0,128,,C:\Users\HP\Documents\GitHub\Neurociencias-2026-1\S06_proyecto\datasetp\DESTINATION\eeg_preprocesado\Sujeto_12\Tarea_13\12_13_1.fif
12,13,133.0,128,,C:\Users\HP\Documents\GitHub\Neurociencias-2026-1\S06_proyecto\datasetp\DESTINATION\eeg_preprocesado\Sujeto_12\Tarea_13\12_13_2.fif
12,14,203.0,128,,C:\Users\HP\Documents\GitHub\Neurociencias-2026-1\S06_proyecto\datasetp\DESTINATION\eeg_preprocesado\Sujeto_12\Tarea_14\12_14_1.fif
12,14,178.0,128,,C:\Users\HP\Documents\GitHub\Neurociencias-2026-1\S06_proyecto\datasetp\DESTINATION\eeg_preprocesado\Sujeto_12\Tarea_14\12_14_2.fif
12,15,169.0,128,,C:\Users\HP\Documents\GitHub\Neurociencias-2026-1\S06_proyecto\datasetp\DESTINATION\eeg_preprocesado\Sujeto_12\Tarea_15\12_15_1.fif
12,15,135.0,128,,C:\Users\HP\Documents\GitHub\Neurociencias-2026-1\S06_proyecto\datasetp\DESTINATION\eeg_preprocesado\Sujeto_12\Tarea_15\12_15_2.fif
12,16,93.0,128,,C:\Users\HP\Documents\GitHub\Neurociencias-2026-1\S06_proyecto\datasetp\DESTINATION\eeg_preprocesado\Sujeto_12\Tarea_16\12_16_1.fif
12,16,103.0,128,,C:\Users\HP\Documents\GitHub\Neurociencias-2026-1\S06_proyecto\datasetp\DESTINATION\eeg_preprocesado\Sujeto_12\Tarea_16\12_16_2.fif
12,17,261.0,128,,C:\Users\HP\Documents\GitHub\Neurociencias-2026-1\S06_proyecto\datasetp\DESTINATION\eeg_preprocesado\Sujeto_12\Tarea_17\12_17_1.fif
12,17,239.0,128,,C:\Users\HP\Documents\GitHub\Neurociencias-2026-1\S06_proyecto\datasetp\DESTINATION\eeg_preprocesado\Sujeto_12\Tarea_17\12_17_2.fif
12,18,207.0,128,,C:\Users\HP\Documents\GitHub\Neurociencias-2026-1\S06_proyecto\datasetp\DESTINATION\eeg_preprocesado\Sujeto_12\Tarea_18\12_18_1.fif
12,18,184.0,128,,C:\Users\HP\Documents\GitHub\Neurociencias-2026-1\S06_proyecto\datasetp\DESTINATION\eeg_preprocesado\Sujeto_12\Tarea_18\12_18_2.fif
12,19,294.0,128,,C:\Users\HP\Documents\GitHub\Neurociencias-2026-1\S06_proyecto\datasetp\DESTINATION\eeg_preprocesado\Sujeto_12\Tarea_19\12_19_1.fif
12,19,263.0,128,,C:\Users\HP\Documents\GitHub\Neurociencias-2026-1\S06_proyecto\datasetp\DESTINATION\eeg_preprocesado\Sujeto_12\Tarea_19\12_19_2.fif
12,2,123.0,128,,C:\Users\HP\Documents\GitHub\Neurociencias-2026-1\S06_proyecto\datasetp\DESTINATION\eeg_preprocesado\Sujeto_12\Tarea_2\12_2_1.fif
12,2,68.0,128,,C:\Users\HP\Documents\GitHub\Neurociencias-2026-1\S06_proyecto\datasetp\DESTINATION\eeg_preprocesado\Sujeto_12\Tarea_2\12_2_2.fif
12,20,189.0,128,,C:\Users\HP\Documents\GitHub\Neurociencias-2026-1\S06_proyecto\datasetp\DESTINATION\eeg_preprocesado\Sujeto_12\Tarea_20\12_20_1.fif
12,20,195.0,128,,C:\Users\HP\Documents\GitHub\Neurociencias-2026-1\S06_proyecto\datasetp\DESTINATION\eeg_preprocesado\Sujeto_12\Tarea_20\12_20_2.fif
12,21,194.0,128,,C:\Users\HP\Documents\GitHub\Neurociencias-2026-1\S06_proyecto\datasetp\DESTINATION\eeg_preprocesado\Sujeto_12\Tarea_21\12_21_1.fif
12,21,196.0,128,,C:\Users\HP\Documents\GitHub\Neurociencias-2026-1\S06_proyecto\datasetp\DESTINATION\eeg_preprocesado\Sujeto_12\Tarea_21\12_21_2.fif
12,22,240.0,128,,C:\Users\HP\Documents\GitHub\Neurociencias-2026-1\S06_proyecto\datasetp\DESTINATION\eeg_preprocesado\Sujeto_12\Tarea_22\12_22_1.fif
12,22,194.0,128,,C:\Users\HP\Documents\GitHub\Neurociencias-2026-1\S06_proyecto\datasetp\DESTINATION\eeg_preprocesado\Sujeto_12\Tarea_22\12_22_2.fif
12,22,187.0,128,,C:\Users\HP\Documents\GitHub\Neurociencias-2026-1\S06_proyecto\datasetp\DESTINATION\eeg_preprocesado\Sujeto_12\Tarea_22\12_22_3.fif
12,23,99.0,128,,C:\Users\HP\Documents\GitHub\Neurociencias-2026-1\S06_proyecto\datasetp\DESTINATION\eeg_preprocesado\Sujeto_12\Tarea_23\12_23_1.fif
12,23,78.0,128,,C:\Users\HP\Documents\GitHub\Neurociencias-2026-1\S06_proyecto\datasetp\DESTINATION\eeg_preprocesado\Sujeto_12\Tarea_23\12_23_2.fif
12,24,133.0,128,,C:\Users\HP\Documents\GitHub\Neurociencias-2026-1\S06_proyecto\datasetp\DESTINATION\eeg_preprocesado\Sujeto_12\Tarea_24\12_24_1.fif
12,24,82.0,128,,C:\Users\HP\Documents\GitHub\Neurociencias-2026-1\S06_proyecto\datasetp\DESTINATION\eeg_preprocesado\Sujeto_12\Tarea_24\12_24_2.fif
12,25,198.0,128,,C:\Users\HP\Documents\GitHub\Neurociencias-2026-1\S06_proyecto\datasetp\DESTINATION\eeg_preprocesado\Sujeto_12\Tarea_25\12_25_1.fif
12,25,98.0,128,,C:\Users\HP\Documents\GitHub\Neurociencias-2026-1\S06_proyecto\datasetp\DESTINATION\eeg_preprocesado\Sujeto_12\Tarea_25\12_25_2.fif
12,26,115.0,128,,C:\Users\HP\Documents\GitHub\Neurociencias-2026-1\S06_proyecto\datasetp\DESTINATION\eeg_preprocesado\Sujeto_12\Tarea_26\12_26_1.fif
12,26,165.0,128,,C:\Users\HP\Documents\GitHub\Neurociencias-2026-1\S06_proyecto\datasetp\DESTINATION\eeg_preprocesado\Sujeto_12\Tarea_26\12_26_2.fif
12,27,104.0,128,,C:\Users\HP\Documents\GitHub\Neurociencias-2026-1\S06_proyecto\datasetp\DESTINATION\eeg_preprocesado\Sujeto_12\Tarea_27\12_27_1.fif
12,27,88.0,128,,C:\Users\HP\Documents\GitHub\Neurociencias-2026-1\S06_proyecto\datasetp\DESTINATION\eeg_preprocesado\Sujeto_12\Tarea_27\12_27_2.fif
12,3,145.0,128,,C:\Users\HP\Documents\GitHub\Neurociencias-2026-1\S06_proyecto\datasetp\DESTINATION\eeg_preprocesado\Sujeto_12\Tarea_3\12_3_1.fif
12,3,104.0,128,,C:\Users\HP\Documents\GitHub\Neurociencias-2026-1\S06_proyecto\datasetp\DESTINATION\eeg_preprocesado\Sujeto_12\Tarea_3\12_3_2.fif
12,4,118.0,128,,C:\Users\HP\Documents\GitHub\Neurociencias-2026-1\S06_proyecto\datasetp\DESTINATION\eeg_preprocesado\Sujeto_12\Tarea_4\12_4_1.fif
12,4,111.0,128,,C:\Users\HP\Documents\GitHub\Neurociencias-2026-1\S06_proyecto\datasetp\DESTINATION\eeg_preprocesado\Sujeto_12\Tarea_4\12_4_2.fif
12,5,125.0,128,,C:\Users\HP\Documents\GitHub\Neurociencias-2026-1\S06_proyecto\datasetp\DESTINATION\eeg_preprocesado\Sujeto_12\Tarea_5\12_5_1.fif
12,5,132.0,128,,C:\Users\HP\Documents\GitHub\Neurociencias-2026-1\S06_proyecto\datasetp\DESTINATION\eeg_preprocesado\Sujeto_12\Tarea_5\12_5_2.fif
12,5,141.0,128,,C:\Users\HP\Documents\GitHub\Neurociencias-2026-1\S06_proyecto\datasetp\DESTINATION\eeg_preprocesado\Sujeto_12\Tarea_5\12_5_3.fif
12,5,112.0,128,,C:\Users\HP\Documents\GitHub\Neurociencias-2026-1\S06_proyecto\datasetp\DESTINATION\eeg_preprocesado\Sujeto_12\Tarea_5\12_5_4.fif
12,5,108.0,128,,C:\Users\HP\Documents\GitHub\Neurociencias-2026-1\S06_proyecto\datasetp\DESTINATION\eeg_preprocesado\Sujeto_12\Tarea_5\12_5_5.fif
12,6,355.0,128,,C:\Users\HP\Documents\GitHub\Neurociencias-2026-1\S06_proyecto\datasetp\DESTINATION\eeg_preprocesado\Sujeto_12\Tarea_6\12_6_1.fif
12,6,333.0,128,,C:\Users\HP\Documents\GitHub\Neurociencias-2026-1\S06_proyecto\datasetp\DESTINATION\eeg_preprocesado\Sujeto_12\Tarea_6\12_6_2.fif
12,6,293.0,128,,C:\Users\HP\Documents\GitHub\Neurociencias-2026-1\S06_proyecto\datasetp\DESTINATION\eeg_preprocesado\Sujeto_12\Tarea_6\12_6_3.fif
12,6,244.0,128,,C:\Users\HP\Documents\GitHub\Neurociencias-2026-1\S06_proyecto\datasetp\DESTINATION\eeg_preprocesado\Sujeto_12\Tarea_6\12_6_4.fif
12,7,58.0,128,,C:\Users\HP\Documents\GitHub\Neurociencias-2026-1\S06_proyecto\datasetp\DESTINATION\eeg_preprocesado\Sujeto_12\Tarea_7\12_7_1.fif
12,7,59.0,128,,C:\Users\HP\Documents\GitHub\Neurociencias-2026-1\S06_proyecto\datasetp\DESTINATION\eeg_preprocesado\Sujeto_12\Tarea_7\12_7_2.fif
12,8,192.0,128,,C:\Users\HP\Documents\GitHub\Neurociencias-2026-1\S06_proyecto\datasetp\DESTINATION\eeg_preprocesado\Sujeto_12\Tarea_8\12_8_1.fif
12,8,166.0,128,,C:\Users\HP\Documents\GitHub\Neurociencias-2026-1\S06_proyecto\datasetp\DESTINATION\eeg_preprocesado\Sujeto_12\Tarea_8\12_8_2.fif
12,9,66.0,128,,C:\Users\HP\Documents\GitHub\Neurociencias-2026-1\S06_proyecto\datasetp\DESTINATION\eeg_preprocesado\Sujeto_12\Tarea_9\12_9_1.fif
12,9,50.0,128,,C:\Users\HP\Documents\GitHub\Neurociencias-2026-1\S06_proyecto\datasetp\DESTINATION\eeg_preprocesado\Sujeto_12\Tarea_9\12_9_2.fif
13,1,47.0,128,,C:\Users\HP\Documents\GitHub\Neurociencias-2026-1\S06_proyecto\datasetp\DESTINATION\eeg_preprocesado\Sujeto_13\Tarea_1\13_1_1.fif
13,1,53.0,128,,C:\Users\HP\Documents\GitHub\Neurociencias-2026-1\S06_proyecto\datasetp\DESTINATION\eeg_preprocesado\Sujeto_13\Tarea_1\13_1_2.fif
13,10,115.0,128,,C:\Users\HP\Documents\GitHub\Neurociencias-2026-1\S06_proyecto\datasetp\DESTINATION\eeg_preprocesado\Sujeto_13\Tarea_10\13_10_1.fif
13,10,119.0,128,,C:\Users\HP\Documents\GitHub\Neurociencias-2026-1\S06_proyecto\datasetp\DESTINATION\eeg_preprocesado\Sujeto_13\Tarea_10\13_10_2.fif
13,11,143.0,128,,C:\Users\HP\Documents\GitHub\Neurociencias-2026-1\S06_proyecto\datasetp\DESTINATION\eeg_preprocesado\Sujeto_13\Tarea_11\13_11_1.fif
13,11,136.0,128,,C:\Users\HP\Documents\GitHub\Neurociencias-2026-1\S06_proyecto\datasetp\DESTINATION\eeg_preprocesado\Sujeto_13\Tarea_11\13_11_2.fif
13,12,69.0,128,,C:\Users\HP\Documents\GitHub\Neurociencias-2026-1\S06_proyecto\datasetp\DESTINATION\eeg_preprocesado\Sujeto_13\Tarea_12\13_12_1.fif
13,12,50.0,128,,C:\Users\HP\Documents\GitHub\Neurociencias-2026-1\S06_proyecto\datasetp\DESTINATION\eeg_preprocesado\Sujeto_13\Tarea_12\13_12_2.fif
13,13,172.0,128,,C:\Users\HP\Documents\GitHub\Neurociencias-2026-1\S06_proyecto\datasetp\DESTINATION\eeg_preprocesado\Sujeto_13\Tarea_13\13_13_1.fif
13,13,128.0,128,,C:\Users\HP\Documents\GitHub\Neurociencias-2026-1\S06_proyecto\datasetp\DESTINATION\eeg_preprocesado\Sujeto_13\Tarea_13\13_13_2.fif
13,14,262.0,128,,C:\Users\HP\Documents\GitHub\Neurociencias-2026-1\S06_proyecto\datasetp\DESTINATION\eeg_preprocesado\Sujeto_13\Tarea_14\13_14_1.fif
13,14,171.0,128,,C:\Users\HP\Documents\GitHub\Neurociencias-2026-1\S06_proyecto\datasetp\DESTINATION\eeg_preprocesado\Sujeto_13\Tarea_14\13_14_2.fif
13,14,181.0,128,,C:\Users\HP\Documents\GitHub\Neurociencias-2026-1\S06_proyecto\datasetp\DESTINATION\eeg_preprocesado\Sujeto_13\Tarea_14\13_14_3.fif
13,15,255.0,128,,C:\Users\HP\Documents\GitHub\Neurociencias-2026-1\S06_proyecto\datasetp\DESTINATION\eeg_preprocesado\Sujeto_13\Tarea_15\13_15_1.fif
13,15,196.0,128,,C:\Users\HP\Documents\GitHub\Neurociencias-2026-1\S06_proyecto\datasetp\DESTINATION\eeg_preprocesado\Sujeto_13\Tarea_15\13_15_2.fif
13,16,215.0,128,,C:\Users\HP\Documents\GitHub\Neurociencias-2026-1\S06_proyecto\datasetp\DESTINATION\eeg_preprocesado\Sujeto_13\Tarea_16\13_16_1.fif
13,16,168.0,128,,C:\Users\HP\Documents\GitHub\Neurociencias-2026-1\S06_proyecto\datasetp\DESTINATION\eeg_preprocesado\Sujeto_13\Tarea_16\13_16_2.fif
13,17,292.0,128,,C:\Users\HP\Documents\GitHub\Neurociencias-2026-1\S06_proyecto\datasetp\DESTINATION\eeg_preprocesado\Sujeto_13\Tarea_17\13_17_1.fif
13,17,368.0,128,,C:\Users\HP\Documents\GitHub\Neurociencias-2026-1\S06_proyecto\datasetp\DESTINATION\eeg_preprocesado\Sujeto_13\Tarea_17\13_17_2.fif
13,18,421.0,128,,C:\Users\HP\Documents\GitHub\Neurociencias-2026-1\S06_proyecto\datasetp\DESTINATION\eeg_preprocesado\Sujeto_13\Tarea_18\13_18_1.fif
13,18,487.0,128,,C:\Users\HP\Documents\GitHub\Neurociencias-2026-1\S06_proyecto\datasetp\DESTINATION\eeg_preprocesado\Sujeto_13\Tarea_18\13_18_2.fif
13,18,276.0,128,,C:\Users\HP\Documents\GitHub\Neurociencias-2026-1\S06_proyecto\datasetp\DESTINATION\eeg_preprocesado\Sujeto_13\Tarea_18\13_18_3.fif
13,19,340.0,128,,C:\Users\HP\Documents\GitHub\Neurociencias-2026-1\S06_proyecto\datasetp\DESTINATION\eeg_preprocesado\Sujeto_13\Tarea_19\13_19_1.fif
13,19,391.0,128,,C:\Users\HP\Documents\GitHub\Neurociencias-2026-1\S06_proyecto\datasetp\DESTINATION\eeg_preprocesado\Sujeto_13\Tarea_19\13_19_2.fif
13,19,277.0,128,,C:\Users\HP\Documents\GitHub\Neurociencias-2026-1\S06_proyecto\datasetp\DESTINATION\eeg_preprocesado\Sujeto_13\Tarea_19\13_19_3.fif
13,2,92.0,128,,C:\Users\HP\Documents\GitHub\Neurociencias-2026-1\S06_proyecto\datasetp\DESTINATION\eeg_preprocesado\Sujeto_13\Tarea_2\13_2_1.fif
13,2,81.0,128,,C:\Users\HP\Documents\GitHub\Neurociencias-2026-1\S06_proyecto\datasetp\DESTINATION\eeg_preprocesado\Sujeto_13\Tarea_2\13_2_2.fif
13,20,271.0,128,,C:\Users\HP\Documents\GitHub\Neurociencias-2026-1\S06_proyecto\datasetp\DESTINATION\eeg_preprocesado\Sujeto_13\Tarea_20\13_20_1.fif
13,20,252.0,128,,C:\Users\HP\Documents\GitHub\Neurociencias-2026-1\S06_proyecto\datasetp\DESTINATION\eeg_preprocesado\Sujeto_13\Tarea_20\13_20_2.fif
13,21,240.0,128,,C:\Users\HP\Documents\GitHub\Neurociencias-2026-1\S06_proyecto\datasetp\DESTINATION\eeg_preprocesado\Sujeto_13\Tarea_21\13_21_1.fif
13,21,177.0,128,,C:\Users\HP\Documents\GitHub\Neurociencias-2026-1\S06_proyecto\datasetp\DESTINATION\eeg_preprocesado\Sujeto_13\Tarea_21\13_21_2.fif
13,22,386.0,128,,C:\Users\HP\Documents\GitHub\Neurociencias-2026-1\S06_proyecto\datasetp\DESTINATION\eeg_preprocesado\Sujeto_13\Tarea_22\13_22_1.fif
13,22,304.0,128,,C:\Users\HP\Documents\GitHub\Neurociencias-2026-1\S06_proyecto\datasetp\DESTINATION\eeg_preprocesado\Sujeto_13\Tarea_22\13_22_2.fif
13,23,100.0,128,,C:\Users\HP\Documents\GitHub\Neurociencias-2026-1\S06_proyecto\datasetp\DESTINATION\eeg_preprocesado\Sujeto_13\Tarea_23\13_23_1.fif
13,23,83.0,128,,C:\Users\HP\Documents\GitHub\Neurociencias-2026-1\S06_proyecto\datasetp\DESTINATION\eeg_preprocesado\Sujeto_13\Tarea_23\13_23_2.fif
13,24,119.0,128,,C:\Users\HP\Documents\GitHub\Neurociencias-2026-1\S06_proyecto\datasetp\DESTINATION\eeg_preprocesado\Sujeto_13\Tarea_24\13_24_1.fif
13,24,94.0,128,,C:\Users\HP\Documents\GitHub\Neurociencias-2026-1\S06_proyecto\datasetp\DESTINATION\eeg_preprocesado\Sujeto_13\Tarea_24\13_24_2.fif
13,25,126.0,128,,C:\Users\HP\Documents\GitHub\Neurociencias-2026-1\S06_proyecto\datasetp\DESTINATION\eeg_preprocesado\Sujeto_13\Tarea_25\13_25_1.fif
13,25,84.0,128,,C:\Users\HP\Documents\GitHub\Neurociencias-2026-1\S06_proyecto\datasetp\DESTINATION\eeg_preprocesado\Sujeto_13\Tarea_25\13_25_2.fif
13,26,127.0,128,,C:\Users\HP\Documents\GitHub\Neurociencias-2026-1\S06_proyecto\datasetp\DESTINATION\eeg_preprocesado\Sujeto_13\Tarea_26\13_26_1.fif
13,26,142.0,128,,C:\Users\HP\Documents\GitHub\Neurociencias-2026-1\S06_proyecto\datasetp\DESTINATION\eeg_preprocesado\Sujeto_13\Tarea_26\13_26_2.fif
13,27,111.0,128,,C:\Users\HP\Documents\GitHub\Neurociencias-2026-1\S06_proyecto\datasetp\DESTINATION\eeg_preprocesado\Sujeto_13\Tarea_27\13_27_1.fif
13,27,123.0,128,,C:\Users\HP\Documents\GitHub\Neurociencias-2026-1\S06_proyecto\datasetp\DESTINATION\eeg_preprocesado\Sujeto_13\Tarea_27\13_27_2.fif
13,3,124.0,128,,C:\Users\HP\Documents\GitHub\Neurociencias-2026-1\S06_proyecto\datasetp\DESTINATION\eeg_preprocesado\Sujeto_13\Tarea_3\13_3_1.fif
13,3,112.0,128,,C:\Users\HP\Documents\GitHub\Neurociencias-2026-1\S06_proyecto\datasetp\DESTINATION\eeg_preprocesado\Sujeto_13\Tarea_3\13_3_2.fif
13,4,161.0,128,,C:\Users\HP\Documents\GitHub\Neurociencias-2026-1\S06_proyecto\datasetp\DESTINATION\eeg_preprocesado\Sujeto_13\Tarea_4\13_4_1.fif
13,4,173.0,128,,C:\Users\HP\Documents\GitHub\Neurociencias-2026-1\S06_proyecto\datasetp\DESTINATION\eeg_preprocesado\Sujeto_13\Tarea_4\13_4_2.fif
13,5,147.0,128,,C:\Users\HP\Documents\GitHub\Neurociencias-2026-1\S06_proyecto\datasetp\DESTINATION\eeg_preprocesado\Sujeto_13\Tarea_5\13_5_1.fif
13,5,153.0,128,,C:\Users\HP\Documents\GitHub\Neurociencias-2026-1\S06_proyecto\datasetp\DESTINATION\eeg_preprocesado\Sujeto_13\Tarea_5\13_5_2.fif
13,6,317.0,128,,C:\Users\HP\Documents\GitHub\Neurociencias-2026-1\S06_proyecto\datasetp\DESTINATION\eeg_preprocesado\Sujeto_13\Tarea_6\13_6_1.fif
13,6,323.0,128,,C:\Users\HP\Documents\GitHub\Neurociencias-2026-1\S06_proyecto\datasetp\DESTINATION\eeg_preprocesado\Sujeto_13\Tarea_6\13_6_2.fif
13,7,51.0,128,,C:\Users\HP\Documents\GitHub\Neurociencias-2026-1\S06_proyecto\datasetp\DESTINATION\eeg_preprocesado\Sujeto_13\Tarea_7\13_7_1.fif
13,7,31.0,128,,C:\Users\HP\Documents\GitHub\Neurociencias-2026-1\S06_proyecto\datasetp\DESTINATION\eeg_preprocesado\Sujeto_13\Tarea_7\13_7_2.fif
13,8,254.0,128,,C:\Users\HP\Documents\GitHub\Neurociencias-2026-1\S06_proyecto\datasetp\DESTINATION\eeg_preprocesado\Sujeto_13\Tarea_8\13_8_1.fif
13,8,289.0,128,,C:\Users\HP\Documents\GitHub\Neurociencias-2026-1\S06_proyecto\datasetp\DESTINATION\eeg_preprocesado\Sujeto_13\Tarea_8\13_8_2.fif
13,9,79.0,128,,C:\Users\HP\Documents\GitHub\Neurociencias-2026-1\S06_proyecto\datasetp\DESTINATION\eeg_preprocesado\Sujeto_13\Tarea_9\13_9_1.fif
13,9,64.0,128,,C:\Users\HP\Documents\GitHub\Neurociencias-2026-1\S06_proyecto\datasetp\DESTINATION\eeg_preprocesado\Sujeto_13\Tarea_9\13_9_2.fif
14,1,37.0,128,,C:\Users\HP\Documents\GitHub\Neurociencias-2026-1\S06_proyecto\datasetp\DESTINATION\eeg_preprocesado\Sujeto_14\Tarea_1\14_1_1.fif
14,1,41.0,128,,C:\Users\HP\Documents\GitHub\Neurociencias-2026-1\S06_proyecto\datasetp\DESTINATION\eeg_preprocesado\Sujeto_14\Tarea_1\14_1_2.fif
14,10,43.0,128,,C:\Users\HP\Documents\GitHub\Neurociencias-2026-1\S06_proyecto\datasetp\DESTINATION\eeg_preprocesado\Sujeto_14\Tarea_10\14_10_1.fif
14,10,46.0,128,,C:\Users\HP\Documents\GitHub\Neurociencias-2026-1\S06_proyecto\datasetp\DESTINATION\eeg_preprocesado\Sujeto_14\Tarea_10\14_10_2.fif
14,11,168.0,128,,C:\Users\HP\Documents\GitHub\Neurociencias-2026-1\S06_proyecto\datasetp\DESTINATION\eeg_preprocesado\Sujeto_14\Tarea_11\14_11_1.fif
14,11,51.0,128,,C:\Users\HP\Documents\GitHub\Neurociencias-2026-1\S06_proyecto\datasetp\DESTINATION\eeg_preprocesado\Sujeto_14\Tarea_11\14_11_2.fif
14,12,42.0,128,,C:\Users\HP\Documents\GitHub\Neurociencias-2026-1\S06_proyecto\datasetp\DESTINATION\eeg_preprocesado\Sujeto_14\Tarea_12\14_12_1.fif
14,12,23.0,128,,C:\Users\HP\Documents\GitHub\Neurociencias-2026-1\S06_proyecto\datasetp\DESTINATION\eeg_preprocesado\Sujeto_14\Tarea_12\14_12_2.fif
14,13,50.0,128,,C:\Users\HP\Documents\GitHub\Neurociencias-2026-1\S06_proyecto\datasetp\DESTINATION\eeg_preprocesado\Sujeto_14\Tarea_13\14_13_1.fif
14,13,51.0,128,,C:\Users\HP\Documents\GitHub\Neurociencias-2026-1\S06_proyecto\datasetp\DESTINATION\eeg_preprocesado\Sujeto_14\Tarea_13\14_13_2.fif
14,14,53.0,128,,C:\Users\HP\Documents\GitHub\Neurociencias-2026-1\S06_proyecto\datasetp\DESTINATION\eeg_preprocesado\Sujeto_14\Tarea_14\14_14_1.fif
14,14,66.0,128,,C:\Users\HP\Documents\GitHub\Neurociencias-2026-1\S06_proyecto\datasetp\DESTINATION\eeg_preprocesado\Sujeto_14\Tarea_14\14_14_2.fif
14,15,68.0,128,,C:\Users\HP\Documents\GitHub\Neurociencias-2026-1\S06_proyecto\datasetp\DESTINATION\eeg_preprocesado\Sujeto_14\Tarea_15\14_15_1.fif
14,15,74.0,128,,C:\Users\HP\Documents\GitHub\Neurociencias-2026-1\S06_proyecto\datasetp\DESTINATION\eeg_preprocesado\Sujeto_14\Tarea_15\14_15_2.fif
14,16,77.0,128,,C:\Users\HP\Documents\GitHub\Neurociencias-2026-1\S06_proyecto\datasetp\DESTINATION\eeg_preprocesado\Sujeto_14\Tarea_16\14_16_1.fif
14,16,61.0,128,,C:\Users\HP\Documents\GitHub\Neurociencias-2026-1\S06_proyecto\datasetp\DESTINATION\eeg_preprocesado\Sujeto_14\Tarea_16\14_16_2.fif
14,17,135.0,128,,C:\Users\HP\Documents\GitHub\Neurociencias-2026-1\S06_proyecto\datasetp\DESTINATION\eeg_preprocesado\Sujeto_14\Tarea_17\14_17_1.fif
14,17,101.0,128,,C:\Users\HP\Documents\GitHub\Neurociencias-2026-1\S06_proyecto\datasetp\DESTINATION\eeg_preprocesado\Sujeto_14\Tarea_17\14_17_2.fif
14,18,52.0,128,,C:\Users\HP\Documents\GitHub\Neurociencias-2026-1\S06_proyecto\datasetp\DESTINATION\eeg_preprocesado\Sujeto_14\Tarea_18\14_18_1.fif
14,18,113.0,128,,C:\Users\HP\Documents\GitHub\Neurociencias-2026-1\S06_proyecto\datasetp\DESTINATION\eeg_preprocesado\Sujeto_14\Tarea_18\14_18_2.fif
14,19,123.0,128,,C:\Users\HP\Documents\GitHub\Neurociencias-2026-1\S06_proyecto\datasetp\DESTINATION\eeg_preprocesado\Sujeto_14\Tarea_19\14_19_1.fif
14,19,47.0,128,,C:\Users\HP\Documents\GitHub\Neurociencias-2026-1\S06_proyecto\datasetp\DESTINATION\eeg_preprocesado\Sujeto_14\Tarea_19\14_19_2.fif
14,2,85.0,128,,C:\Users\HP\Documents\GitHub\Neurociencias-2026-1\S06_proyecto\datasetp\DESTINATION\eeg_preprocesado\Sujeto_14\Tarea_2\14_2_1.fif
14,2,59.0,128,,C:\Users\HP\Documents\GitHub\Neurociencias-2026-1\S06_proyecto\datasetp\DESTINATION\eeg_preprocesado\Sujeto_14\Tarea_2\14_2_2.fif
14,20,119.0,128,,C:\Users\HP\Documents\GitHub\Neurociencias-2026-1\S06_proyecto\datasetp\DESTINATION\eeg_preprocesado\Sujeto_14\Tarea_20\14_20_1.fif
14,20,90.0,128,,C:\Users\HP\Documents\GitHub\Neurociencias-2026-1\S06_proyecto\datasetp\DESTINATION\eeg_preprocesado\Sujeto_14\Tarea_20\14_20_2.fif
14,21,74.0,128,,C:\Users\HP\Documents\GitHub\Neurociencias-2026-1\S06_proyecto\datasetp\DESTINATION\eeg_preprocesado\Sujeto_14\Tarea_21\14_21_1.fif
14,21,140.0,128,,C:\Users\HP\Documents\GitHub\Neurociencias-2026-1\S06_proyecto\datasetp\DESTINATION\eeg_preprocesado\Sujeto_14\Tarea_21\14_21_2.fif
14,22,129.0,128,,C:\Users\HP\Documents\GitHub\Neurociencias-2026-1\S06_proyecto\datasetp\DESTINATION\eeg_preprocesado\Sujeto_14\Tarea_22\14_22_1.fif
14,22,141.0,128,,C:\Users\HP\Documents\GitHub\Neurociencias-2026-1\S06_proyecto\datasetp\DESTINATION\eeg_preprocesado\Sujeto_14\Tarea_22\14_22_2.fif
14,23,45.0,128,,C:\Users\HP\Documents\GitHub\Neurociencias-2026-1\S06_proyecto\datasetp\DESTINATION\eeg_preprocesado\Sujeto_14\Tarea_23\14_23_1.fif
14,23,54.0,128,,C:\Users\HP\Documents\GitHub\Neurociencias-2026-1\S06_proyecto\datasetp\DESTINATION\eeg_preprocesado\Sujeto_14\Tarea_23\14_23_2.fif
14,24,88.0,128,,C:\Users\HP\Documents\GitHub\Neurociencias-2026-1\S06_proyecto\datasetp\DESTINATION\eeg_preprocesado\Sujeto_14\Tarea_24\14_24_1.fif
14,24,38.0,128,,C:\Users\HP\Documents\GitHub\Neurociencias-2026-1\S06_proyecto\datasetp\DESTINATION\eeg_preprocesado\Sujeto_14\Tarea_24\14_24_2.fif
14,25,70.0,128,,C:\Users\HP\Documents\GitHub\Neurociencias-2026-1\S06_proyecto\datasetp\DESTINATION\eeg_preprocesado\Sujeto_14\Tarea_25\14_25_1.fif
14,25,81.0,128,,C:\Users\HP\Documents\GitHub\Neurociencias-2026-1\S06_proyecto\datasetp\DESTINATION\eeg_preprocesado\Sujeto_14\Tarea_25\14_25_2.fif
14,26,91.0,128,,C:\Users\HP\Documents\GitHub\Neurociencias-2026-1\S06_proyecto\datasetp\DESTINATION\eeg_preprocesado\Sujeto_14\Tarea_26\14_26_1.fif
14,26,77.0,128,,C:\Users\HP\Documents\GitHub\Neurociencias-2026-1\S06_proyecto\datasetp\DESTINATION\eeg_preprocesado\Sujeto_14\Tarea_26\14_26_2.fif
14,27,64.0,128,,C:\Users\HP\Documents\GitHub\Neurociencias-2026-1\S06_proyecto\datasetp\DESTINATION\eeg_preprocesado\Sujeto_14\Tarea_27\14_27_1.fif
14,27,71.0,128,,C:\Users\HP\Documents\GitHub\Neurociencias-2026-1\S06_proyecto\datasetp\DESTINATION\eeg_preprocesado\Sujeto_14\Tarea_27\14_27_2.fif
14,3,66.0,128,,C:\Users\HP\Documents\GitHub\Neurociencias-2026-1\S06_proyecto\datasetp\DESTINATION\eeg_preprocesado\Sujeto_14\Tarea_3\14_3_1.fif
14,3,47.0,128,,C:\Users\HP\Documents\GitHub\Neurociencias-2026-1\S06_proyecto\datasetp\DESTINATION\eeg_preprocesado\Sujeto_14\Tarea_3\14_3_2.fif
14,4,75.0,128,,C:\Users\HP\Documents\GitHub\Neurociencias-2026-1\S06_proyecto\datasetp\DESTINATION\eeg_preprocesado\Sujeto_14\Tarea_4\14_4_1.fif
14,4,86.0,128,,C:\Users\HP\Documents\GitHub\Neurociencias-2026-1\S06_proyecto\datasetp\DESTINATION\eeg_preprocesado\Sujeto_14\Tarea_4\14_4_2.fif
14,5,69.0,128,,C:\Users\HP\Documents\GitHub\Neurociencias-2026-1\S06_proyecto\datasetp\DESTINATION\eeg_preprocesado\Sujeto_14\Tarea_5\14_5_1.fif
14,5,83.0,128,,C:\Users\HP\Documents\GitHub\Neurociencias-2026-1\S06_proyecto\datasetp\DESTINATION\eeg_preprocesado\Sujeto_14\Tarea_5\14_5_2.fif
14,6,255.0,128,,C:\Users\HP\Documents\GitHub\Neurociencias-2026-1\S06_proyecto\datasetp\DESTINATION\eeg_preprocesado\Sujeto_14\Tarea_6\14_6_1.fif
14,6,112.0,128,,C:\Users\HP\Documents\GitHub\Neurociencias-2026-1\S06_proyecto\datasetp\DESTINATION\eeg_preprocesado\Sujeto_14\Tarea_6\14_6_2.fif
14,7,31.0,128,,C:\Users\HP\Documents\GitHub\Neurociencias-2026-1\S06_proyecto\datasetp\DESTINATION\eeg_preprocesado\Sujeto_14\Tarea_7\14_7_1.fif
14,7,9.0,128,,C:\Users\HP\Documents\GitHub\Neurociencias-2026-1\S06_proyecto\datasetp\DESTINATION\eeg_preprocesado\Sujeto_14\Tarea_7\14_7_2.fif
14,8,102.0,128,,C:\Users\HP\Documents\GitHub\Neurociencias-2026-1\S06_proyecto\datasetp\DESTINATION\eeg_preprocesado\Sujeto_14\Tarea_8\14_8_1.fif
14,8,106.0,128,,C:\Users\HP\Documents\GitHub\Neurociencias-2026-1\S06_proyecto\datasetp\DESTINATION\eeg_preprocesado\Sujeto_14\Tarea_8\14_8_2.fif
14,9,20.0,128,,C:\Users\HP\Documents\GitHub\Neurociencias-2026-1\S06_proyecto\datasetp\DESTINATION\eeg_preprocesado\Sujeto_14\Tarea_9\14_9_1.fif
14,9,24.0,128,,C:\Users\HP\Documents\GitHub\Neurociencias-2026-1\S06_proyecto\datasetp\DESTINATION\eeg_preprocesado\Sujeto_14\Tarea_9\14_9_2.fif
15,1,29.0,128,,C:\Users\HP\Documents\GitHub\Neurociencias-2026-1\S06_proyecto\datasetp\DESTINATION\eeg_preprocesado\Sujeto_15\Tarea_1\15_1_1.fif
15,1,25.0,128,,C:\Users\HP\Documents\GitHub\Neurociencias-2026-1\S06_proyecto\datasetp\DESTINATION\eeg_preprocesado\Sujeto_15\Tarea_1\15_1_2.fif
15,10,120.0,128,,C:\Users\HP\Documents\GitHub\Neurociencias-2026-1\S06_proyecto\datasetp\DESTINATION\eeg_preprocesado\Sujeto_15\Tarea_10\15_10_1.fif
15,10,108.0,128,,C:\Users\HP\Documents\GitHub\Neurociencias-2026-1\S06_proyecto\datasetp\DESTINATION\eeg_preprocesado\Sujeto_15\Tarea_10\15_10_2.fif
15,11,145.0,128,,C:\Users\HP\Documents\GitHub\Neurociencias-2026-1\S06_proyecto\datasetp\DESTINATION\eeg_preprocesado\Sujeto_15\Tarea_11\15_11_1.fif
15,11,116.0,128,,C:\Users\HP\Documents\GitHub\Neurociencias-2026-1\S06_proyecto\datasetp\DESTINATION\eeg_preprocesado\Sujeto_15\Tarea_11\15_11_2.fif
15,12,57.0,128,,C:\Users\HP\Documents\GitHub\Neurociencias-2026-1\S06_proyecto\datasetp\DESTINATION\eeg_preprocesado\Sujeto_15\Tarea_12\15_12_1.fif
15,12,44.0,128,,C:\Users\HP\Documents\GitHub\Neurociencias-2026-1\S06_proyecto\datasetp\DESTINATION\eeg_preprocesado\Sujeto_15\Tarea_12\15_12_2.fif
15,13,106.0,128,,C:\Users\HP\Documents\GitHub\Neurociencias-2026-1\S06_proyecto\datasetp\DESTINATION\eeg_preprocesado\Sujeto_15\Tarea_13\15_13_1.fif
15,13,87.0,128,,C:\Users\HP\Documents\GitHub\Neurociencias-2026-1\S06_proyecto\datasetp\DESTINATION\eeg_preprocesado\Sujeto_15\Tarea_13\15_13_2.fif
15,14,196.0,128,,C:\Users\HP\Documents\GitHub\Neurociencias-2026-1\S06_proyecto\datasetp\DESTINATION\eeg_preprocesado\Sujeto_15\Tarea_14\15_14_1.fif
15,14,187.0,128,,C:\Users\HP\Documents\GitHub\Neurociencias-2026-1\S06_proyecto\datasetp\DESTINATION\eeg_preprocesado\Sujeto_15\Tarea_14\15_14_2.fif
15,14,167.0,128,,C:\Users\HP\Documents\GitHub\Neurociencias-2026-1\S06_proyecto\datasetp\DESTINATION\eeg_preprocesado\Sujeto_15\Tarea_14\15_14_3.fif
15,14,123.0,128,,C:\Users\HP\Documents\GitHub\Neurociencias-2026-1\S06_proyecto\datasetp\DESTINATION\eeg_preprocesado\Sujeto_15\Tarea_14\15_14_4.fif
15,14,164.0,128,,C:\Users\HP\Documents\GitHub\Neurociencias-2026-1\S06_proyecto\datasetp\DESTINATION\eeg_preprocesado\Sujeto_15\Tarea_14\15_14_5.fif
15,14,146.0,128,,C:\Users\HP\Documents\GitHub\Neurociencias-2026-1\S06_proyecto\datasetp\DESTINATION\eeg_preprocesado\Sujeto_15\Tarea_14\15_14_6.fif
15,14,112.0,128,,C:\Users\HP\Documents\GitHub\Neurociencias-2026-1\S06_proyecto\datasetp\DESTINATION\eeg_preprocesado\Sujeto_15\Tarea_14\15_14_7.fif
15,15,126.0,128,,C:\Users\HP\Documents\GitHub\Neurociencias-2026-1\S06_proyecto\datasetp\DESTINATION\eeg_preprocesado\Sujeto_15\Tarea_15\15_15_1.fif
15,15,128.0,128,,C:\Users\HP\Documents\GitHub\Neurociencias-2026-1\S06_proyecto\datasetp\DESTINATION\eeg_preprocesado\Sujeto_15\Tarea_15\15_15_2.fif
15,16,160.0,128,,C:\Users\HP\Documents\GitHub\Neurociencias-2026-1\S06_proyecto\datasetp\DESTINATION\eeg_preprocesado\Sujeto_15\Tarea_16\15_16_1.fif
15,16,110.0,128,,C:\Users\HP\Documents\GitHub\Neurociencias-2026-1\S06_proyecto\datasetp\DESTINATION\eeg_preprocesado\Sujeto_15\Tarea_16\15_16_2.fif
15,17,313.0,128,,C:\Users\HP\Documents\GitHub\Neurociencias-2026-1\S06_proyecto\datasetp\DESTINATION\eeg_preprocesado\Sujeto_15\Tarea_17\15_17_1.fif
15,17,251.0,128,,C:\Users\HP\Documents\GitHub\Neurociencias-2026-1\S06_proyecto\datasetp\DESTINATION\eeg_preprocesado\Sujeto_15\Tarea_17\15_17_2.fif
15,18,201.0,128,,C:\Users\HP\Documents\GitHub\Neurociencias-2026-1\S06_proyecto\datasetp\DESTINATION\eeg_preprocesado\Sujeto_15\Tarea_18\15_18_1.fif
15,18,175.0,128,,C:\Users\HP\Documents\GitHub\Neurociencias-2026-1\S06_proyecto\datasetp\DESTINATION\eeg_preprocesado\Sujeto_15\Tarea_18\15_18_2.fif
15,19,210.0,128,,C:\Users\HP\Documents\GitHub\Neurociencias-2026-1\S06_proyecto\datasetp\DESTINATION\eeg_preprocesado\Sujeto_15\Tarea_19\15_19_1.fif
15,19,193.0,128,,C:\Users\HP\Documents\GitHub\Neurociencias-2026-1\S06_proyecto\datasetp\DESTINATION\eeg_preprocesado\Sujeto_15\Tarea_19\15_19_2.fif
15,2,49.0,128,,C:\Users\HP\Documents\GitHub\Neurociencias-2026-1\S06_proyecto\datasetp\DESTINATION\eeg_preprocesado\Sujeto_15\Tarea_2\15_2_1.fif
15,2,41.0,128,,C:\Users\HP\Documents\GitHub\Neurociencias-2026-1\S06_proyecto\datasetp\DESTINATION\eeg_preprocesado\Sujeto_15\Tarea_2\15_2_2.fif
15,20,193.0,128,,C:\Users\HP\Documents\GitHub\Neurociencias-2026-1\S06_proyecto\datasetp\DESTINATION\eeg_preprocesado\Sujeto_15\Tarea_20\15_20_1.fif
15,20,181.0,128,,C:\Users\HP\Documents\GitHub\Neurociencias-2026-1\S06_proyecto\datasetp\DESTINATION\eeg_preprocesado\Sujeto_15\Tarea_20\15_20_2.fif
15,21,204.0,128,,C:\Users\HP\Documents\GitHub\Neurociencias-2026-1\S06_proyecto\datasetp\DESTINATION\eeg_preprocesado\Sujeto_15\Tarea_21\15_21_1.fif
15,21,193.0,128,,C:\Users\HP\Documents\GitHub\Neurociencias-2026-1\S06_proyecto\datasetp\DESTINATION\eeg_preprocesado\Sujeto_15\Tarea_21\15_21_2.fif
15,22,278.0,128,,C:\Users\HP\Documents\GitHub\Neurociencias-2026-1\S06_proyecto\datasetp\DESTINATION\eeg_preprocesado\Sujeto_15\Tarea_22\15_22_1.fif
15,22,202.0,128,,C:\Users\HP\Documents\GitHub\Neurociencias-2026-1\S06_proyecto\datasetp\DESTINATION\eeg_preprocesado\Sujeto_15\Tarea_22\15_22_2.fif
15,23,149.0,128,,C:\Users\HP\Documents\GitHub\Neurociencias-2026-1\S06_proyecto\datasetp\DESTINATION\eeg_preprocesado\Sujeto_15\Tarea_23\15_23_1.fif
15,23,70.0,128,,C:\Users\HP\Documents\GitHub\Neurociencias-2026-1\S06_proyecto\datasetp\DESTINATION\eeg_preprocesado\Sujeto_15\Tarea_23\15_23_2.fif
15,24,97.0,128,,C:\Users\HP\Documents\GitHub\Neurociencias-2026-1\S06_proyecto\datasetp\DESTINATION\eeg_preprocesado\Sujeto_15\Tarea_24\15_24_1.fif
15,24,73.0,128,,C:\Users\HP\Documents\GitHub\Neurociencias-2026-1\S06_proyecto\datasetp\DESTINATION\eeg_preprocesado\Sujeto_15\Tarea_24\15_24_2.fif
15,25,89.0,128,,C:\Users\HP\Documents\GitHub\Neurociencias-2026-1\S06_proyecto\datasetp\DESTINATION\eeg_preprocesado\Sujeto_15\Tarea_25\15_25_1.fif
15,25,112.0,128,,C:\Users\HP\Documents\GitHub\Neurociencias-2026-1\S06_proyecto\datasetp\DESTINATION\eeg_preprocesado\Sujeto_15\Tarea_25\15_25_2.fif
15,26,106.0,128,,C:\Users\HP\Documents\GitHub\Neurociencias-2026-1\S06_proyecto\datasetp\DESTINATION\eeg_preprocesado\Sujeto_15\Tarea_26\15_26_1.fif
15,26,93.0,128,,C:\Users\HP\Documents\GitHub\Neurociencias-2026-1\S06_proyecto\datasetp\DESTINATION\eeg_preprocesado\Sujeto_15\Tarea_26\15_26_2.fif
15,27,79.0,128,,C:\Users\HP\Documents\GitHub\Neurociencias-2026-1\S06_proyecto\datasetp\DESTINATION\eeg_preprocesado\Sujeto_15\Tarea_27\15_27_1.fif
15,27,28.0,128,,C:\Users\HP\Documents\GitHub\Neurociencias-2026-1\S06_proyecto\datasetp\DESTINATION\eeg_preprocesado\Sujeto_15\Tarea_27\15_27_2.fif
15,3,66.0,128,,C:\Users\HP\Documents\GitHub\Neurociencias-2026-1\S06_proyecto\datasetp\DESTINATION\eeg_preprocesado\Sujeto_15\Tarea_3\15_3_1.fif
15,3,67.0,128,,C:\Users\HP\Documents\GitHub\Neurociencias-2026-1\S06_proyecto\datasetp\DESTINATION\eeg_preprocesado\Sujeto_15\Tarea_3\15_3_2.fif
15,4,127.0,128,,C:\Users\HP\Documents\GitHub\Neurociencias-2026-1\S06_proyecto\datasetp\DESTINATION\eeg_preprocesado\Sujeto_15\Tarea_4\15_4_1.fif
15,4,126.0,128,,C:\Users\HP\Documents\GitHub\Neurociencias-2026-1\S06_proyecto\datasetp\DESTINATION\eeg_preprocesado\Sujeto_15\Tarea_4\15_4_2.fif
15,5,119.0,128,,C:\Users\HP\Documents\GitHub\Neurociencias-2026-1\S06_proyecto\datasetp\DESTINATION\eeg_preprocesado\Sujeto_15\Tarea_5\15_5_1.fif
15,5,91.0,128,,C:\Users\HP\Documents\GitHub\Neurociencias-2026-1\S06_proyecto\datasetp\DESTINATION\eeg_preprocesado\Sujeto_15\Tarea_5\15_5_2.fif
15,6,495.0,128,,C:\Users\HP\Documents\GitHub\Neurociencias-2026-1\S06_proyecto\datasetp\DESTINATION\eeg_preprocesado\Sujeto_15\Tarea_6\15_6_1.fif
15,6,225.0,128,,C:\Users\HP\Documents\GitHub\Neurociencias-2026-1\S06_proyecto\datasetp\DESTINATION\eeg_preprocesado\Sujeto_15\Tarea_6\15_6_2.fif
15,6,164.0,128,,C:\Users\HP\Documents\GitHub\Neurociencias-2026-1\S06_proyecto\datasetp\DESTINATION\eeg_preprocesado\Sujeto_15\Tarea_6\15_6_3.fif
15,7,21.0,128,,C:\Users\HP\Documents\GitHub\Neurociencias-2026-1\S06_proyecto\datasetp\DESTINATION\eeg_preprocesado\Sujeto_15\Tarea_7\15_7_1.fif
15,7,32.0,128,,C:\Users\HP\Documents\GitHub\Neurociencias-2026-1\S06_proyecto\datasetp\DESTINATION\eeg_preprocesado\Sujeto_15\Tarea_7\15_7_2.fif
15,8,144.0,128,,C:\Users\HP\Documents\GitHub\Neurociencias-2026-1\S06_proyecto\datasetp\DESTINATION\eeg_preprocesado\Sujeto_15\Tarea_8\15_8_1.fif
15,8,128.0,128,,C:\Users\HP\Documents\GitHub\Neurociencias-2026-1\S06_proyecto\datasetp\DESTINATION\eeg_preprocesado\Sujeto_15\Tarea_8\15_8_2.fif
15,9,81.0,128,,C:\Users\HP\Documents\GitHub\Neurociencias-2026-1\S06_proyecto\datasetp\DESTINATION\eeg_preprocesado\Sujeto_15\Tarea_9\15_9_1.fif
15,9,58.0,128,,C:\Users\HP\Documents\GitHub\Neurociencias-2026-1\S06_proyecto\datasetp\DESTINATION\eeg_preprocesado\Sujeto_15\Tarea_9\15_9_2.fif
16,1,51.0,126,,C:\Users\HP\Documents\GitHub\Neurociencias-2026-1\S06_proyecto\datasetp\DESTINATION\eeg_preprocesado\Sujeto_16\Tarea_1\16_1_1.fif
16,1,48.0,126,,C:\Users\HP\Documents\GitHub\Neurociencias-2026-1\S06_proyecto\datasetp\DESTINATION\eeg_preprocesado\Sujeto_16\Tarea_1\16_1_2.fif
16,10,226.0,126,,C:\Users\HP\Documents\GitHub\Neurociencias-2026-1\S06_proyecto\datasetp\DESTINATION\eeg_preprocesado\Sujeto_16\Tarea_10\16_10_1.fif
16,10,148.0,126,,C:\Users\HP\Documents\GitHub\Neurociencias-2026-1\S06_proyecto\datasetp\DESTINATION\eeg_preprocesado\Sujeto_16\Tarea_10\16_10_2.fif
16,11,190.0,126,,C:\Users\HP\Documents\GitHub\Neurociencias-2026-1\S06_proyecto\datasetp\DESTINATION\eeg_preprocesado\Sujeto_16\Tarea_11\16_11_1.fif
16,11,218.0,126,,C:\Users\HP\Documents\GitHub\Neurociencias-2026-1\S06_proyecto\datasetp\DESTINATION\eeg_preprocesado\Sujeto_16\Tarea_11\16_11_2.fif
16,11,163.0,126,,C:\Users\HP\Documents\GitHub\Neurociencias-2026-1\S06_proyecto\datasetp\DESTINATION\eeg_preprocesado\Sujeto_16\Tarea_11\16_11_3.fif
16,11,186.0,126,,C:\Users\HP\Documents\GitHub\Neurociencias-2026-1\S06_proyecto\datasetp\DESTINATION\eeg_preprocesado\Sujeto_16\Tarea_11\16_11_4.fif
16,11,118.0,126,,C:\Users\HP\Documents\GitHub\Neurociencias-2026-1\S06_proyecto\datasetp\DESTINATION\eeg_preprocesado\Sujeto_16\Tarea_11\16_11_5.fif
16,12,76.0,126,,C:\Users\HP\Documents\GitHub\Neurociencias-2026-1\S06_proyecto\datasetp\DESTINATION\eeg_preprocesado\Sujeto_16\Tarea_12\16_12_1.fif
16,12,57.0,126,,C:\Users\HP\Documents\GitHub\Neurociencias-2026-1\S06_proyecto\datasetp\DESTINATION\eeg_preprocesado\Sujeto_16\Tarea_12\16_12_2.fif
16,13,142.0,126,,C:\Users\HP\Documents\GitHub\Neurociencias-2026-1\S06_proyecto\datasetp\DESTINATION\eeg_preprocesado\Sujeto_16\Tarea_13\16_13_1.fif
16,13,178.0,126,,C:\Users\HP\Documents\GitHub\Neurociencias-2026-1\S06_proyecto\datasetp\DESTINATION\eeg_preprocesado\Sujeto_16\Tarea_13\16_13_2.fif
16,14,215.0,126,,C:\Users\HP\Documents\GitHub\Neurociencias-2026-1\S06_proyecto\datasetp\DESTINATION\eeg_preprocesado\Sujeto_16\Tarea_14\16_14_1.fif
16,14,216.0,128,,C:\Users\HP\Documents\GitHub\Neurociencias-2026-1\S06_proyecto\datasetp\DESTINATION\eeg_preprocesado\Sujeto_16\Tarea_14\16_14_10.fif
16,14,187.0,128,,C:\Users\HP\Documents\GitHub\Neurociencias-2026-1\S06_proyecto\datasetp\DESTINATION\eeg_preprocesado\Sujeto_16\Tarea_14\16_14_11.fif
16,14,237.0,128,,C:\Users\HP\Documents\GitHub\Neurociencias-2026-1\S06_proyecto\datasetp\DESTINATION\eeg_preprocesado\Sujeto_16\Tarea_14\16_14_12.fif
16,14,186.0,128,,C:\Users\HP\Documents\GitHub\Neurociencias-2026-1\S06_proyecto\datasetp\DESTINATION\eeg_preprocesado\Sujeto_16\Tarea_14\16_14_13.fif
16,14,334.0,126,,C:\Users\HP\Documents\GitHub\Neurociencias-2026-1\S06_proyecto\datasetp\DESTINATION\eeg_preprocesado\Sujeto_16\Tarea_14\16_14_2.fif
16,14,374.0,126,,C:\Users\HP\Documents\GitHub\Neurociencias-2026-1\S06_proyecto\datasetp\DESTINATION\eeg_preprocesado\Sujeto_16\Tarea_14\16_14_3.fif
16,14,243.0,126,,C:\Users\HP\Documents\GitHub\Neurociencias-2026-1\S06_proyecto\datasetp\DESTINATION\eeg_preprocesado\Sujeto_16\Tarea_14\16_14_4.fif
16,14,323.0,126,,C:\Users\HP\Documents\GitHub\Neurociencias-2026-1\S06_proyecto\datasetp\DESTINATION\eeg_preprocesado\Sujeto_16\Tarea_14\16_14_5.fif
16,14,248.0,126,,C:\Users\HP\Documents\GitHub\Neurociencias-2026-1\S06_proyecto\datasetp\DESTINATION\eeg_preprocesado\Sujeto_16\Tarea_14\16_14_6.fif
16,14,281.0,126,,C:\Users\HP\Documents\GitHub\Neurociencias-2026-1\S06_proyecto\datasetp\DESTINATION\eeg_preprocesado\Sujeto_16\Tarea_14\16_14_7.fif
16,14,292.0,128,,C:\Users\HP\Documents\GitHub\Neurociencias-2026-1\S06_proyecto\datasetp\DESTINATION\eeg_preprocesado\Sujeto_16\Tarea_14\16_14_8.fif
16,14,241.0,128,,C:\Users\HP\Documents\GitHub\Neurociencias-2026-1\S06_proyecto\datasetp\DESTINATION\eeg_preprocesado\Sujeto_16\Tarea_14\16_14_9.fif
16,15,306.0,126,,C:\Users\HP\Documents\GitHub\Neurociencias-2026-1\S06_proyecto\datasetp\DESTINATION\eeg_preprocesado\Sujeto_16\Tarea_15\16_15_1.fif
16,15,229.0,126,,C:\Users\HP\Documents\GitHub\Neurociencias-2026-1\S06_proyecto\datasetp\DESTINATION\eeg_preprocesado\Sujeto_16\Tarea_15\16_15_2.fif
16,16,231.0,126,,C:\Users\HP\Documents\GitHub\Neurociencias-2026-1\S06_proyecto\datasetp\DESTINATION\eeg_preprocesado\Sujeto_16\Tarea_16\16_16_1.fif
16,16,144.0,126,,C:\Users\HP\Documents\GitHub\Neurociencias-2026-1\S06_proyecto\datasetp\DESTINATION\eeg_preprocesado\Sujeto_16\Tarea_16\16_16_2.fif
16,17,235.0,128,,C:\Users\HP\Documents\GitHub\Neurociencias-2026-1\S06_proyecto\datasetp\DESTINATION\eeg_preprocesado\Sujeto_16\Tarea_17\16_17_1.fif
16,17,212.0,128,,C:\Users\HP\Documents\GitHub\Neurociencias-2026-1\S06_proyecto\datasetp\DESTINATION\eeg_preprocesado\Sujeto_16\Tarea_17\16_17_2.fif
16,18,175.0,128,,C:\Users\HP\Documents\GitHub\Neurociencias-2026-1\S06_proyecto\datasetp\DESTINATION\eeg_preprocesado\Sujeto_16\Tarea_18\16_18_1.fif
16,18,179.0,128,,C:\Users\HP\Documents\GitHub\Neurociencias-2026-1\S06_proyecto\datasetp\DESTINATION\eeg_preprocesado\Sujeto_16\Tarea_18\16_18_2.fif
16,19,331.0,128,,C:\Users\HP\Documents\GitHub\Neurociencias-2026-1\S06_proyecto\datasetp\DESTINATION\eeg_preprocesado\Sujeto_16\Tarea_19\16_19_1.fif
16,19,326.0,128,,C:\Users\HP\Documents\GitHub\Neurociencias-2026-1\S06_proyecto\datasetp\DESTINATION\eeg_preprocesado\Sujeto_16\Tarea_19\16_19_2.fif
16,19,295.0,128,,C:\Users\HP\Documents\GitHub\Neurociencias-2026-1\S06_proyecto\datasetp\DESTINATION\eeg_preprocesado\Sujeto_16\Tarea_19\16_19_3.fif
16,19,246.0,128,,C:\Users\HP\Documents\GitHub\Neurociencias-2026-1\S06_proyecto\datasetp\DESTINATION\eeg_preprocesado\Sujeto_16\Tarea_19\16_19_4.fif
16,19,305.0,128,,C:\Users\HP\Documents\GitHub\Neurociencias-2026-1\S06_proyecto\datasetp\DESTINATION\eeg_preprocesado\Sujeto_16\Tarea_19\16_19_5.fif
16,19,272.0,128,,C:\Users\HP\Documents\GitHub\Neurociencias-2026-1\S06_proyecto\datasetp\DESTINATION\eeg_preprocesado\Sujeto_16\Tarea_19\16_19_6.fif
16,19,308.0,128,,C:\Users\HP\Documents\GitHub\Neurociencias-2026-1\S06_proyecto\datasetp\DESTINATION\eeg_preprocesado\Sujeto_16\Tarea_19\16_19_7.fif
16,19,281.0,128,,C:\Users\HP\Documents\GitHub\Neurociencias-2026-1\S06_proyecto\datasetp\DESTINATION\eeg_preprocesado\Sujeto_16\Tarea_19\16_19_8.fif
16,19,235.0,128,,C:\Users\HP\Documents\GitHub\Neurociencias-2026-1\S06_proyecto\datasetp\DESTINATION\eeg_preprocesado\Sujeto_16\Tarea_19\16_19_9.fif
16,2,100.0,126,,C:\Users\HP\Documents\GitHub\Neurociencias-2026-1\S06_proyecto\datasetp\DESTINATION\eeg_preprocesado\Sujeto_16\Tarea_2\16_2_1.fif
16,2,99.0,126,,C:\Users\HP\Documents\GitHub\Neurociencias-2026-1\S06_proyecto\datasetp\DESTINATION\eeg_preprocesado\Sujeto_16\Tarea_2\16_2_2.fif
16,2,42.0,126,,C:\Users\HP\Documents\GitHub\Neurociencias-2026-1\S06_proyecto\datasetp\DESTINATION\eeg_preprocesado\Sujeto_16\Tarea_2\16_2_3.fif
16,20,280.0,128,,C:\Users\HP\Documents\GitHub\Neurociencias-2026-1\S06_proyecto\datasetp\DESTINATION\eeg_preprocesado\Sujeto_16\Tarea_20\16_20_1.fif
16,20,245.0,128,,C:\Users\HP\Documents\GitHub\Neurociencias-2026-1\S06_proyecto\datasetp\DESTINATION\eeg_preprocesado\Sujeto_16\Tarea_20\16_20_2.fif
16,20,291.0,128,,C:\Users\HP\Documents\GitHub\Neurociencias-2026-1\S06_proyecto\datasetp\DESTINATION\eeg_preprocesado\Sujeto_16\Tarea_20\16_20_3.fif
16,20,255.0,128,,C:\Users\HP\Documents\GitHub\Neurociencias-2026-1\S06_proyecto\datasetp\DESTINATION\eeg_preprocesado\Sujeto_16\Tarea_20\16_20_4.fif
16,20,189.0,128,,C:\Users\HP\Documents\GitHub\Neurociencias-2026-1\S06_proyecto\datasetp\DESTINATION\eeg_preprocesado\Sujeto_16\Tarea_20\16_20_5.fif
16,20,189.0,128,,C:\Users\HP\Documents\GitHub\Neurociencias-2026-1\S06_proyecto\datasetp\DESTINATION\eeg_preprocesado\Sujeto_16\Tarea_20\16_20_6.fif
16,21,273.0,128,,C:\Users\HP\Documents\GitHub\Neurociencias-2026-1\S06_proyecto\datasetp\DESTINATION\eeg_preprocesado\Sujeto_16\Tarea_21\16_21_1.fif
16,21,161.0,128,,C:\Users\HP\Documents\GitHub\Neurociencias-2026-1\S06_proyecto\datasetp\DESTINATION\eeg_preprocesado\Sujeto_16\Tarea_21\16_21_2.fif
16,22,263.0,128,,C:\Users\HP\Documents\GitHub\Neurociencias-2026-1\S06_proyecto\datasetp\DESTINATION\eeg_preprocesado\Sujeto_16\Tarea_22\16_22_1.fif
16,22,308.0,128,,C:\Users\HP\Documents\GitHub\Neurociencias-2026-1\S06_proyecto\datasetp\DESTINATION\eeg_preprocesado\Sujeto_16\Tarea_22\16_22_2.fif
16,22,353.0,128,,C:\Users\HP\Documents\GitHub\Neurociencias-2026-1\S06_proyecto\datasetp\DESTINATION\eeg_preprocesado\Sujeto_16\Tarea_22\16_22_3.fif
16,22,202.0,128,,C:\Users\HP\Documents\GitHub\Neurociencias-2026-1\S06_proyecto\datasetp\DESTINATION\eeg_preprocesado\Sujeto_16\Tarea_22\16_22_4.fif
16,23,142.0,128,,C:\Users\HP\Documents\GitHub\Neurociencias-2026-1\S06_proyecto\datasetp\DESTINATION\eeg_preprocesado\Sujeto_16\Tarea_23\16_23_1.fif
16,23,105.0,128,,C:\Users\HP\Documents\GitHub\Neurociencias-2026-1\S06_proyecto\datasetp\DESTINATION\eeg_preprocesado\Sujeto_16\Tarea_23\16_23_2.fif
16,24,211.0,128,,C:\Users\HP\Documents\GitHub\Neurociencias-2026-1\S06_proyecto\datasetp\DESTINATION\eeg_preprocesado\Sujeto_16\Tarea_24\16_24_1.fif
16,24,101.0,128,,C:\Users\HP\Documents\GitHub\Neurociencias-2026-1\S06_proyecto\datasetp\DESTINATION\eeg_preprocesado\Sujeto_16\Tarea_24\16_24_2.fif
16,25,192.0,128,,C:\Users\HP\Documents\GitHub\Neurociencias-2026-1\S06_proyecto\datasetp\DESTINATION\eeg_preprocesado\Sujeto_16\Tarea_25\16_25_1.fif
16,25,171.0,128,,C:\Users\HP\Documents\GitHub\Neurociencias-2026-1\S06_proyecto\datasetp\DESTINATION\eeg_preprocesado\Sujeto_16\Tarea_25\16_25_2.fif
16,26,181.0,128,,C:\Users\HP\Documents\GitHub\Neurociencias-2026-1\S06_proyecto\datasetp\DESTINATION\eeg_preprocesado\Sujeto_16\Tarea_26\16_26_1.fif
16,26,180.0,128,,C:\Users\HP\Documents\GitHub\Neurociencias-2026-1\S06_proyecto\datasetp\DESTINATION\eeg_preprocesado\Sujeto_16\Tarea_26\16_26_2.fif
16,27,119.0,128,,C:\Users\HP\Documents\GitHub\Neurociencias-2026-1\S06_proyecto\datasetp\DESTINATION\eeg_preprocesado\Sujeto_16\Tarea_27\16_27_1.fif
16,27,117.0,128,,C:\Users\HP\Documents\GitHub\Neurociencias-2026-1\S06_proyecto\datasetp\DESTINATION\eeg_preprocesado\Sujeto_16\Tarea_27\16_27_2.fif
16,3,204.0,126,,C:\Users\HP\Documents\GitHub\Neurociencias-2026-1\S06_proyecto\datasetp\DESTINATION\eeg_preprocesado\Sujeto_16\Tarea_3\16_3_1.fif
16,3,103.0,126,,C:\Users\HP\Documents\GitHub\Neurociencias-2026-1\S06_proyecto\datasetp\DESTINATION\eeg_preprocesado\Sujeto_16\Tarea_3\16_3_2.fif
16,4,218.0,126,,C:\Users\HP\Documents\GitHub\Neurociencias-2026-1\S06_proyecto\datasetp\DESTINATION\eeg_preprocesado\Sujeto_16\Tarea_4\16_4_1.fif
16,4,288.0,126,,C:\Users\HP\Documents\GitHub\Neurociencias-2026-1\S06_proyecto\datasetp\DESTINATION\eeg_preprocesado\Sujeto_16\Tarea_4\16_4_2.fif
16,4,192.0,126,,C:\Users\HP\Documents\GitHub\Neurociencias-2026-1\S06_proyecto\datasetp\DESTINATION\eeg_preprocesado\Sujeto_16\Tarea_4\16_4_3.fif
16,4,173.0,126,,C:\Users\HP\Documents\GitHub\Neurociencias-2026-1\S06_proyecto\datasetp\DESTINATION\eeg_preprocesado\Sujeto_16\Tarea_4\16_4_4.fif
16,4,261.0,126,,C:\Users\HP\Documents\GitHub\Neurociencias-2026-1\S06_proyecto\datasetp\DESTINATION\eeg_preprocesado\Sujeto_16\Tarea_4\16_4_5.fif
16,4,158.0,126,,C:\Users\HP\Documents\GitHub\Neurociencias-2026-1\S06_proyecto\datasetp\DESTINATION\eeg_preprocesado\Sujeto_16\Tarea_4\16_4_6.fif
16,5,202.0,126,,C:\Users\HP\Documents\GitHub\Neurociencias-2026-1\S06_proyecto\datasetp\DESTINATION\eeg_preprocesado\Sujeto_16\Tarea_5\16_5_1.fif
16,5,219.0,126,,C:\Users\HP\Documents\GitHub\Neurociencias-2026-1\S06_proyecto\datasetp\DESTINATION\eeg_preprocesado\Sujeto_16\Tarea_5\16_5_10.fif
16,5,134.0,126,,C:\Users\HP\Documents\GitHub\Neurociencias-2026-1\S06_proyecto\datasetp\DESTINATION\eeg_preprocesado\Sujeto_16\Tarea_5\16_5_11.fif
16,5,181.0,126,,C:\Users\HP\Documents\GitHub\Neurociencias-2026-1\S06_proyecto\datasetp\DESTINATION\eeg_preprocesado\Sujeto_16\Tarea_5\16_5_2.fif
16,5,200.0,126,,C:\Users\HP\Documents\GitHub\Neurociencias-2026-1\S06_proyecto\datasetp\DESTINATION\eeg_preprocesado\Sujeto_16\Tarea_5\16_5_3.fif
16,5,261.0,126,,C:\Users\HP\Documents\GitHub\Neurociencias-2026-1\S06_proyecto\datasetp\DESTINATION\eeg_preprocesado\Sujeto_16\Tarea_5\16_5_5.fif
